The Max,"606 W 57th St, New York, NY 10019 – Hell's Kitchen",1,1.0,2607.0,576
The Max,"606 W 57th St, New York, NY 10019 – Hell's Kitchen",1,1.0,2922.0,694
The Max,"606 W 57th St, New York, NY 10019 – Hell's Kitchen",2,2.0,3555.0,"1,019"
The Max,"606 W 57th St, New York, NY 10019 – Hell's Kitchen",2,2.0,3694.0,"1,049"
The Max,"606 W 57th St, New York, NY 10019 – Hell's Kitchen",2,2.0,3694.0,991
The Max,"606 W 57th St, New York, NY 10019 – Hell's Kitchen",2,2.0,3829.0,"1,048"
The Max,"606 W 57th St, New York, NY 10019 – Hell's Kitchen",2,2.0,3972.0,961
The Max,"606 W 57th St, New York, NY 10019 – Hell's Kitchen",2,2.0,4459.0,"1,098"
The Max,"606 W 57th St, New York, NY 10019 – Hell's Kitchen",S,1.0,2119.0,529
The Max,"606 W 57th St, New York, NY 10019 – Hell's Kitchen",S,1.0,2198.0,527
The Max,"606 W 57th St, New York, NY 10019 – Hell's Kitchen",S,1.0,2247.0,474
The Max,"606 W 57th St, New York, NY 10019 – Hell's Kitchen",1,1.0,2588.0,607
The Helena,"601 W 57th St, New York, NY 10019 – Hell's Kitchen",1,1,2250 - 3800,813
The Helena,"601 W 57th St, New York, NY 10019 – Hell's Kitchen",2,2,3842 - 3900,921
The Helena,"601 W 57th St, New York, NY 10019 – Hell's Kitchen",S,1,1852 - 1973,468
